query,category,intent,source,query_type
what is a crypto exchange and how does it work,crypto_exchanges,informational,seed,standard
how to choose a crypto exchange,crypto_exchanges,informational,seed,standard
best crypto exchanges for beginners,crypto_exchanges,commercial,seed,standard
which crypto exchange has the lowest trading fees,crypto_exchanges,commercial,seed,standard
are centralized exchanges safe,crypto_exchanges,informational,seed,standard
how do crypto exchange trading fees work,crypto_exchanges,informational,seed,standard
what is proof of reserves in crypto exchanges,crypto_exchanges,informational,seed,standard
best crypto exchange with low withdrawal fees,crypto_exchanges,commercial,seed,standard
how to verify a crypto exchange is legit,crypto_exchanges,informational,seed,standard
maker vs taker fees explained,crypto_exchanges,informational,seed,standard
best crypto exchange for futures trading,crypto_exchanges,commercial,seed,standard
how to withdraw crypto from an exchange to a wallet,crypto_exchanges,informational,seed,standard
what is a stablecoin and how does it work,crypto_education,informational,seed,standard
how to buy bitcoin safely,crypto_education,informational,seed,standard
what is staking in crypto,crypto_education,informational,seed,standard
difference between spot and futures trading,crypto_education,informational,seed,standard
what is a crypto wallet and which type is best,crypto_education,informational,seed,standard
how does defi lending work,crypto_education,informational,seed,standard
what is a token unlock and why does it matter,crypto_education,informational,seed,standard
how to read a crypto whitepaper,crypto_education,informational,seed,standard
what is liquidity in crypto markets,crypto_education,informational,seed,standard
how to avoid crypto scams,crypto_education,informational,seed,standard
what is impermanent loss,crypto_education,informational,seed,standard
how are crypto gains taxed,crypto_education,informational,seed,standard
best neobank for international transfers,fintech,commercial,seed,standard
how to send money to nigeria cheaply,fintech,commercial,seed,standard
how to compare international payment providers,fintech,commercial,seed,standard
what is open banking and how does it work,fintech,informational,seed,standard
how do payment gateways work,fintech,informational,seed,standard
best business bank account for startups,fintech,commercial,seed,standard
how does buy now pay later work,fintech,informational,seed,standard
what is a virtual card and how to get one,fintech,informational,seed,standard
how to accept crypto payments for a business,fintech,informational,seed,standard
best budgeting apps for freelancers,fintech,commercial,seed,standard
how does kyc verification work,fintech,informational,seed,standard
best way to receive international payments as a freelancer,fintech,commercial,seed,standard
crypto trading risk management,crypto_trading,informational,yex_gsc,standard
crypto portfolio risk management for beginners,crypto_trading,informational,yex_gsc,standard
crypto weekly recap,market_data,informational,yex_gsc,standard
crypto card for beginners,fintech,commercial,yex_gsc,standard
bitcoin halving history and price chart,crypto_education,informational,yex_gsc,standard
highest upside rwa crypto projects 2026,crypto_education,commercial,yex_gsc,standard
current btc usdt price on exchanges,market_data,informational,yex_gsc,standard
best crypto exchange,crypto_exchanges,commercial,similarweb_bybit,standard
copy trading in crypto and is it worth it,crypto_trading,commercial,similarweb_bybit,standard
best crypto trading bots,crypto_trading,commercial,similarweb_bybit,standard
best demo accounts for crypto trading,crypto_trading,commercial,similarweb_bybit,standard
crypto profit calculator,crypto_trading,transactional,similarweb_bitget,standard
what is apy in crypto,crypto_education,informational,similarweb_bybit,standard
what is bitcoin defi,crypto_education,informational,similarweb_bybit,standard
how to buy usdt with p2p,crypto_exchanges,transactional,similarweb_bybit,standard
can you get a usdt loan without collateral,crypto_exchanges,informational,similarweb_okx,standard
fear and greed index crypto,market_data,informational,similarweb_bitget,standard
what is bitcoin dominance and how to read it,market_data,informational,similarweb_bitget,standard
how does the altcoin season index work,market_data,informational,similarweb_gate,standard
is the bitcoin rainbow chart reliable,market_data,informational,similarweb_gate,standard
how to read a bitcoin liquidation heatmap,crypto_trading,informational,similarweb_gate,standard
common crypto chart patterns,crypto_trading,informational,similarweb_okx,standard
what are tokenized stocks,crypto_education,informational,similarweb_okx,standard
what is the strategic eth reserve,crypto_education,informational,similarweb_gate,standard
how do crypto etfs work,crypto_education,informational,similarweb_okx,standard
how do leverage tokens work,crypto_trading,informational,similarweb_gate,standard
has china banned cryptocurrency,crypto_education,informational,similarweb_bitget,standard
will crypto rebound,market_data,informational,similarweb_okx,standard
ethereum news today,market_data,informational,similarweb_okx,standard
bitcoin price today,market_data,informational,similarweb_bybit,live_price
ethereum price,market_data,informational,similarweb_bybit,live_price
solana price,market_data,informational,similarweb_bybit,live_price
usdt to pkr,market_data,informational,similarweb_bybit,live_price
usdt to ksh,market_data,informational,similarweb_bybit,live_price
usdt to usd,market_data,informational,added,live_price
pi network price today,market_data,informational,similarweb_bitget,live_price
how do crypto trading competitions work,crypto_trading,informational,similarweb_litefinance,standard
free crypto trading competitions,crypto_trading,commercial,similarweb_litefinance,standard
how do crypto perpetuals work,crypto_trading,informational,keywordspeopleuse,standard
how do crypto futures work for beginners,crypto_trading,informational,keywordspeopleuse,standard
how does crypto staking work for beginners,crypto_education,informational,keywordspeopleuse,standard
how do crypto scams work,crypto_education,informational,keywordspeopleuse,standard
how does crypto work for beginners,crypto_education,informational,keywordspeopleuse,standard
is crypto mining still profitable,crypto_education,informational,keywordspeopleuse,standard
can crypto be traced,crypto_education,informational,keywordspeopleuse,standard
how to convert crypto to cash,crypto_exchanges,transactional,keywordspeopleuse,standard
where is crypto legal,crypto_education,informational,keywordspeopleuse,standard
usdt to ngn,market_data,informational,added,live_price
