domain,queries_retrieved,queries_cited,domain_type
binance.com,27,15,exchange
investopedia.com,23,12,education_media
coinmarketcap.com,21,3,price_tracker
finance.yahoo.com,19,6,price_tracker
kraken.com,18,7,exchange
coingecko.com,18,14,price_tracker
bybit.com,17,5,exchange
okx.com,16,5,exchange
crypto.com,16,7,exchange
forbes.com,12,8,education_media
gate.com,11,4,exchange
coinbureau.com,10,5,education_media
ledger.com,9,1,other
nerdwallet.com,8,5,education_media
bitcoinfoundation.org,8,3,other
coinbase.com,8,0,exchange
tradingview.com,7,3,price_tracker
bitget.com,7,2,exchange
changelly.com,7,3,exchange
stripe.com,7,3,finance_institution
coindesk.com,6,2,education_media
fidelity.com,6,6,finance_institution
bitcoin.com,5,3,other
finder.com,5,3,education_media
ig.com,5,4,finance_institution
cointracker.com,5,3,other
britannica.com,5,3,education_media
bingx.com,5,3,exchange
bit.com,5,2,exchange
spark.money,5,2,other
datawallet.com,5,3,other
mexc.com,5,2,exchange
cnbc.com,5,3,education_media
investor.gov,4,2,finance_institution
cryptonews.com,4,0,education_media
binance.us,4,1,exchange
bitdegree.org,4,1,education_media
paypal.com,4,2,finance_institution
coincodex.com,4,1,price_tracker
blockchain-council.org,4,1,education_media
tradersunion.com,4,1,education_media
wise.com,4,4,finance_institution
coingape.com,3,1,education_media
guarda.com,3,0,other
btcc.com,3,2,exchange
news.bitcoin.com,3,0,education_media
coingabbar.com,3,3,education_media
corporatefinanceinstitute.com,3,2,education_media
coinspeaker.com,3,1,education_media
bitstamp.net,3,0,exchange
bitpanda.com,3,1,exchange
money.com,3,2,education_media
investing.com,3,0,price_tracker
crypto.news,3,2,education_media
cryptohopper.com,3,2,other
phemex.com,3,2,exchange
robinhood.com,3,1,finance_institution
webopedia.com,3,2,education_media
reuters.com,2,1,education_media
privacy.com,2,0,other
